y,x,mass,size_y,size_x,ecc,signal,raw_mass,ep_y,ep_x,frame,time,file path,particle,file number,x_alined,y_alined
44.36258922164734,22.474621398089052,21193.412633256758,1.7144348320387988,1.6142507686279766,0.09997304113412717,1639.164877025758,104768.0,0.11983440669548935,0.09958044377650593,0,0,C:\Users\sanja\OneDrive - The Pennsylvania State University\Research\paper#1\mt_optoIDR_GitHub\mt-opto-IDR\mt_optoIDR_scripts\Tracker\example/droplets_in_mitochondria_0.czi,0,0,27.12152780059635,45.73251262261669
47.69445767753898,27.32553412550418,12188.163714963577,1.4775616312813953,1.4660788757479233,0.23905347224046275,1207.9944663889048,94742.0,0.13617232876716298,0.1131569914070828,1,2,C:\Users\sanja\OneDrive - The Pennsylvania State University\Research\paper#1\mt_optoIDR_GitHub\mt-opto-IDR\mt_optoIDR_scripts\Tracker\example/droplets_in_mitochondria_0.czi,0,0,32.61621580955859,43.62511959317714
43.99373632489227,22.97219459054657,26597.583061732763,1.7257363989172698,1.6660043006507406,0.045405585838286515,1793.0761197007514,107581.0,0.11627871808991168,0.09662572435127245,2,4,C:\Users\sanja\OneDrive - The Pennsylvania State University\Research\paper#1\mt_optoIDR_GitHub\mt-opto-IDR\mt_optoIDR_scripts\Tracker\example/droplets_in_mitochondria_0.czi,0,0,27.099733315573648,45.113516223822984
41.04556471474449,22.67032506585398,25025.480545133414,1.805394761213094,2.035840131322655,0.25466429583247746,1527.0905600687156,100901.0,0.11330071718598268,0.09415105401444966,3,6,C:\Users\sanja\OneDrive - The Pennsylvania State University\Research\paper#1\mt_optoIDR_GitHub\mt-opto-IDR\mt_optoIDR_scripts\Tracker\example/droplets_in_mitochondria_0.czi,0,0,24.499910097375597,43.690926934204306
38.05417360220791,18.495683651057504,21991.256089079146,1.7749192640969504,1.5989867601098942,0.10662556156502886,1630.805874396228,99613.0,0.12047433331912633,0.10011221239725022,4,8,C:\Users\sanja\OneDrive - The Pennsylvania State University\Research\paper#1\mt_optoIDR_GitHub\mt-opto-IDR\mt_optoIDR_scripts\Tracker\example/droplets_in_mitochondria_0.czi,0,0,19.669073534815873,45.434219748430564
34.134013471619234,16.53126633851993,23325.96564281747,1.9368816112959781,1.573473793707589,0.11968206863898367,1608.1229029120232,104112.0,0.1136373528266572,0.09443079275905364,5,10,C:\Users\sanja\OneDrive - The Pennsylvania State University\Research\paper#1\mt_optoIDR_GitHub\mt-opto-IDR\mt_optoIDR_scripts\Tracker\example/droplets_in_mitochondria_0.czi,0,0,15.326057566910844,44.83023040268322
36.58082910703583,19.58552798015522,31498.25568477763,2.030288704659785,2.0249441550773297,0.19747621999209997,1752.4107182712746,115376.0,0.09921552271531217,0.0824464863969713,6,12,C:\Users\sanja\OneDrive - The Pennsylvania State University\Research\paper#1\mt_optoIDR_GitHub\mt-opto-IDR\mt_optoIDR_scripts\Tracker\example/droplets_in_mitochondria_0.czi,0,0,19.07314939701154,43.701193757539926
27.7802188332858,14.015823661323381,26580.771919505707,1.6878791710317098,1.7604810714787194,0.12058038997267223,1786.9923736054216,114741.0,0.10124859034003603,0.08413593254086639,7,14,C:\Users\sanja\OneDrive - The Pennsylvania State University\Research\paper#1\mt_optoIDR_GitHub\mt-opto-IDR\mt_optoIDR_scripts\Tracker\example/droplets_in_mitochondria_0.czi,0,0,8.665850867861817,43.300588322221635
32.99715479270774,19.10116929032768,26946.806604472073,1.8262414177576731,1.7311896255475276,0.14705968872498848,1743.992597145384,115097.0,0.10027973160668978,0.0833308266845114,8,16,C:\Users\sanja\OneDrive - The Pennsylvania State University\Research\paper#1\mt_optoIDR_GitHub\mt-opto-IDR\mt_optoIDR_scripts\Tracker\example/droplets_in_mitochondria_0.czi,0,0,15.846350159018186,42.06868292778354
35.00991282996964,17.23304447880335,25203.04231168314,1.775323767013961,1.6820809685567888,0.09150535739658656,1696.8428503584446,114008.0,0.10071503790282169,0.08369255913967909,9,18,C:\Users\sanja\OneDrive - The Pennsylvania State University\Research\paper#1\mt_optoIDR_GitHub\mt-opto-IDR\mt_optoIDR_scripts\Tracker\example/droplets_in_mitochondria_0.czi,0,0,16.445448096791253,44.74863943656335
38.20532744919378,21.974600855479636,31862.22919661023,1.9442032728110568,2.0068638706116517,0.17890653724819086,1840.020839028002,117987.0,0.08878971446724104,0.07378280923862512,10,20,C:\Users\sanja\OneDrive - The Pennsylvania State University\Research\paper#1\mt_optoIDR_GitHub\mt-opto-IDR\mt_optoIDR_scripts\Tracker\example/droplets_in_mitochondria_0.czi,0,0,21.765733406223767,42.653980588877786
42.48101183482471,26.622761404892486,12592.706948730542,1.6730229636137364,1.4774864284115665,0.22090787084424057,1118.3835495327407,111735.0,0.1065146648433138,0.08851195484078138,11,22,C:\Users\sanja\OneDrive - The Pennsylvania State University\Research\paper#1\mt_optoIDR_GitHub\mt-opto-IDR\mt_optoIDR_scripts\Tracker\example/droplets_in_mitochondria_0.czi,0,0,27.922998482395677,41.24864780252436
40.15824836259009,24.852087038994465,21884.650015952862,1.6699314762233548,1.626297671013776,0.0980270141364233,1597.4235350798267,112206.0,0.09338012611576055,0.07759736669070971,12,24,C:\Users\sanja\OneDrive - The Pennsylvania State University\Research\paper#1\mt_optoIDR_GitHub\mt-opto-IDR\mt_optoIDR_scripts\Tracker\example/droplets_in_mitochondria_0.czi,0,0,25.00574462167534,41.39059064351355
43.92546177236361,27.26795121664007,24039.0714350941,1.7527584344474816,1.717455927242284,0.14171246996719955,1572.1571862237124,123481.0,0.08900996934000656,0.07396583745713721,13,26,C:\Users\sanja\OneDrive - The Pennsylvania State University\Research\paper#1\mt_optoIDR_GitHub\mt-opto-IDR\mt_optoIDR_scripts\Tracker\example/droplets_in_mitochondria_0.czi,0,0,29.478680985122573,41.535975952813175
45.25704135506216,29.92000378991133,29632.966868313317,2.046208282067653,1.6816167324672153,0.1233660603719686,1821.7808115240632,130762.0,0.08984240575775798,0.07465757858709543,14,28,C:\Users\sanja\OneDrive - The Pennsylvania State University\Research\paper#1\mt_optoIDR_GitHub\mt-opto-IDR\mt_optoIDR_scripts\Tracker\example/droplets_in_mitochondria_0.czi,0,0,32.07903781169402,40.10606986814971
51.01067803317647,32.54199192369074,28395.38977173678,1.7914394655427135,1.9830905793557936,0.10946328776108684,1660.816437768115,129279.0,0.08079453801902571,0.06713894759037682,15,30,C:\Users\sanja\OneDrive - The Pennsylvania State University\Research\paper#1\mt_optoIDR_GitHub\mt-opto-IDR\mt_optoIDR_scripts\Tracker\example/droplets_in_mitochondria_0.czi,0,0,38.30523428928211,41.20772054776282
56.45631605955775,38.31979020938087,15639.203026645697,1.5436338433140984,1.6592620842059,0.23507363456552385,1323.2465255330403,103086.0,0.0981265133181827,0.08154153729234141,16,32,C:\Users\sanja\OneDrive - The Pennsylvania State University\Research\paper#1\mt_optoIDR_GitHub\mt-opto-IDR\mt_optoIDR_scripts\Tracker\example/droplets_in_mitochondria_0.czi,0,0,46.06667768691584,39.535021253262606
58.00596872103107,40.58441633523719,21492.958561378866,1.7192152528097973,1.7761874509154854,0.09959712560196944,1534.8410008216506,109486.0,0.09818338870233559,0.0815887998119306,18,36,C:\Users\sanja\OneDrive - The Pennsylvania State University\Research\paper#1\mt_optoIDR_GitHub\mt-opto-IDR\mt_optoIDR_scripts\Tracker\example/droplets_in_mitochondria_0.czi,0,0,48.627057191574636,38.547898336273306
59.79403598466227,41.19162717530233,20991.769072731622,1.6876505529726742,1.6360023793600826,0.0901088778975078,1487.5653796934466,97034.0,0.11012993905571827,0.09151618893658507,19,38,C:\Users\sanja\OneDrive - The Pennsylvania State University\Research\paper#1\mt_optoIDR_GitHub\mt-opto-IDR\mt_optoIDR_scripts\Tracker\example/droplets_in_mitochondria_0.czi,0,0,50.44428138927513,39.06130437329857
61.909604041186356,42.339261881876205,19501.60434808473,1.7751898496078096,1.6495505670909247,0.14224780714749446,1373.6055105663058,87787.0,0.12531877506756675,0.10413786473251804,20,40,C:\Users\sanja\OneDrive - The Pennsylvania State University\Research\paper#1\mt_optoIDR_GitHub\mt-opto-IDR\mt_optoIDR_scripts\Tracker\example/droplets_in_mitochondria_0.czi,0,0,52.83765734391632,39.31516488866748
57.1312799189753,39.74086524450241,18465.781942369304,1.6981044545542676,1.57234871869722,0.10824545013175221,1401.2608643540361,81588.0,0.13559025959365978,0.11267330138679203,21,42,C:\Users\sanja\OneDrive - The Pennsylvania State University\Research\paper#1\mt_optoIDR_GitHub\mt-opto-IDR\mt_optoIDR_scripts\Tracker\example/droplets_in_mitochondria_0.czi,0,0,47.428295216572394,38.74696784777699
57.818766788489626,41.11873425192382,19773.045471576403,1.662208946419512,1.6327512698251179,0.10732570272001432,1446.154275676747,84035.0,0.13765280613440006,0.11438724403064832,22,44,C:\Users\sanja\OneDrive - The Pennsylvania State University\Research\paper#1\mt_optoIDR_GitHub\mt-opto-IDR\mt_optoIDR_scripts\Tracker\example/droplets_in_mitochondria_0.czi,0,0,48.775736409567884,38.00160657377225
59.05504097879952,42.39188451162654,17033.565265241014,1.8106724937517988,1.5099356697452067,0.1673249697976627,1290.4537741080935,87177.0,0.12855192418967576,0.10682455909061973,23,46,C:\Users\sanja\OneDrive - The Pennsylvania State University\Research\paper#1\mt_optoIDR_GitHub\mt-opto-IDR\mt_optoIDR_scripts\Tracker\example/droplets_in_mitochondria_0.czi,0,0,50.515904314238995,37.65361071034849
63.45154298461835,45.432952808493646,14960.997746069135,1.5729908182488406,1.5542003195019898,0.21086941596405964,1350.1549006301943,77372.0,0.1512719339616197,0.12570451784441802,24,48,C:\Users\sanja\OneDrive - The Pennsylvania State University\Research\paper#1\mt_optoIDR_GitHub\mt-opto-IDR\mt_optoIDR_scripts\Tracker\example/droplets_in_mitochondria_0.czi,0,0,55.861665181859486,37.640687104173
64.00046444210805,44.009314360958285,16390.437243704968,1.614215088367385,1.611960233092981,0.21133616025240584,1221.275821449723,81895.0,0.14084062811243298,0.11703627226892109,25,50,C:\Users\sanja\OneDrive - The Pennsylvania State University\Research\paper#1\mt_optoIDR_GitHub\mt-opto-IDR\mt_optoIDR_scripts\Tracker\example/droplets_in_mitochondria_0.czi,0,0,55.506829017985325,39.124652229302484
61.63742302961955,38.69424320801514,25765.3788169721,2.0837465727278306,1.5871677470294465,0.12422031753167088,1630.6482162324492,112924.0,0.10152559934530746,0.08436612252082025,31,62,C:\Users\sanja\OneDrive - The Pennsylvania State University\Research\paper#1\mt_optoIDR_GitHub\mt-opto-IDR\mt_optoIDR_scripts\Tracker\example/droplets_in_mitochondria_0.czi,0,0,50.547135385047156,42.16362987735728
54.4887637398376,33.495612977050065,12053.934036862782,1.6113168855613833,1.61854092550661,0.2391332620022619,997.7109011941675,88561.0,0.13346240515791993,0.11090508894392309,35,70,C:\Users\sanja\OneDrive - The Pennsylvania State University\Research\paper#1\mt_optoIDR_GitHub\mt-opto-IDR\mt_optoIDR_scripts\Tracker\example/droplets_in_mitochondria_0.czi,0,0,41.71106675736388,42.39379748272559
54.00144011296854,33.49114927500556,10888.763576536507,1.474004660419073,1.492455317868301,0.2550067291562235,1051.850141267152,99705.0,0.10786232190307832,0.0896318359481407,36,72,C:\Users\sanja\OneDrive - The Pennsylvania State University\Research\paper#1\mt_optoIDR_GitHub\mt-opto-IDR\mt_optoIDR_scripts\Tracker\example/droplets_in_mitochondria_0.czi,0,0,41.307080033155366,42.121219111235774
55.31247525642771,35.44190365336893,13490.710143694361,1.6725427701132067,1.5405112488597306,0.1857658463735551,1104.1580307388665,95630.0,0.11986729937240487,0.09960777705627563,37,74,C:\Users\sanja\OneDrive - The Pennsylvania State University\Research\paper#1\mt_optoIDR_GitHub\mt-opto-IDR\mt_optoIDR_scripts\Tracker\example/droplets_in_mitochondria_0.czi,0,0,43.49295824556546,41.257394920442444
51.78116302086876,33.37697815395612,22389.65461899791,1.7946467750495985,1.7804439436385882,0.07370752359765113,1405.852006687689,100391.0,0.09984877300219505,0.08297270709041235,38,76,C:\Users\sanja\OneDrive - The Pennsylvania State University\Research\paper#1\mt_optoIDR_GitHub\mt-opto-IDR\mt_optoIDR_scripts\Tracker\example/droplets_in_mitochondria_0.czi,0,0,39.41329807434164,40.95663536454498
50.50374078667433,29.51132949171683,11338.90674777563,1.6250348537836274,1.6034469673542928,0.23567630828167985,936.5770966497726,91888.0,0.11896290429514908,0.09885623945012492,39,78,C:\Users\sanja\OneDrive - The Pennsylvania State University\Research\paper#1\mt_optoIDR_GitHub\mt-opto-IDR\mt_optoIDR_scripts\Tracker\example/droplets_in_mitochondria_0.czi,0,0,36.16958877900113,43.417000612147106
51.144029729902584,31.640597210712453,10521.835436353886,1.6123697728968434,1.4783304146403804,0.2868180936474098,938.3105682420901,87314.0,0.12931995595487955,0.10746278100135855,40,80,C:\Users\sanja\OneDrive - The Pennsylvania State University\Research\paper#1\mt_optoIDR_GitHub\mt-opto-IDR\mt_optoIDR_scripts\Tracker\example/droplets_in_mitochondria_0.czi,0,0,37.904103686952695,42.02588272207777
53.36253171127332,34.1790196269262,11510.93130591441,1.4399044755195565,1.5760700352078163,0.19570582865375233,978.9052822489548,81894.0,0.1369582169531515,0.113810051713196,41,82,C:\Users\sanja\OneDrive - The Pennsylvania State University\Research\paper#1\mt_optoIDR_GitHub\mt-opto-IDR\mt_optoIDR_scripts\Tracker\example/droplets_in_mitochondria_0.czi,0,0,41.17069056577408,41.192366334959786
51.99282885674931,33.28272689011325,19613.26534670504,1.7541170033910374,1.7527188202710535,0.15895789199615556,1229.4874354303593,108709.0,0.10661153855290953,0.0885924553185476,42,84,C:\Users\sanja\OneDrive - The Pennsylvania State University\Research\paper#1\mt_optoIDR_GitHub\mt-opto-IDR\mt_optoIDR_scripts\Tracker\example/droplets_in_mitochondria_0.czi,0,0,39.53423855396271,41.1542691855474
51.03080444926455,30.516174869554135,17409.161302835855,1.8283295547691092,1.6171847646384314,0.12306945829958464,1192.045765217655,90025.0,0.1490794083581295,0.12388256471252904,43,86,C:\Users\sanja\OneDrive - The Pennsylvania State University\Research\paper#1\mt_optoIDR_GitHub\mt-opto-IDR\mt_optoIDR_scripts\Tracker\example/droplets_in_mitochondria_0.czi,0,0,37.173412806194,42.88799431708598
46.707503323546845,28.772900903934588,8186.879507628048,1.5612275236480104,1.0821131466426335,0.2052069324349806,940.9884500738443,74323.0,0.17824397202785563,0.14811784298414757,46,92,C:\Users\sanja\OneDrive - The Pennsylvania State University\Research\paper#1\mt_optoIDR_GitHub\mt-opto-IDR\mt_optoIDR_scripts\Tracker\example/droplets_in_mitochondria_0.czi,0,0,32.62365245311042,41.87329363592547
47.71304364000099,29.446411004654163,20327.94066536647,2.066674671144704,1.661759069034472,0.18567951968920537,1376.6064210743339,93961.0,0.13608486895913122,0.11308431372847133,47,94,C:\Users\sanja\OneDrive - The Pennsylvania State University\Research\paper#1\mt_optoIDR_GitHub\mt-opto-IDR\mt_optoIDR_scripts\Tracker\example/droplets_in_mitochondria_0.czi,0,0,33.833816295121835,41.88848110688537
46.997946506722855,29.49534066384404,22157.15937667926,1.7729923188896142,1.607668331494935,0.09304440805065167,1617.0362432105271,100366.0,0.12996469822977352,0.10799855135000776,48,96,C:\Users\sanja\OneDrive - The Pennsylvania State University\Research\paper#1\mt_optoIDR_GitHub\mt-opto-IDR\mt_optoIDR_scripts\Tracker\example/droplets_in_mitochondria_0.czi,0,0,33.27245796405561,41.44279641372934
48.0080000257339,30.012853010115567,21860.628077230856,1.767654812774362,1.5442676353948541,0.0780988506189503,1536.1381792852026,111390.0,0.1224078559042669,0.1017189382315881,49,98,C:\Users\sanja\OneDrive - The Pennsylvania State University\Research\paper#1\mt_optoIDR_GitHub\mt-opto-IDR\mt_optoIDR_scripts\Tracker\example/droplets_in_mitochondria_0.czi,0,0,34.39790727304465,41.58905301257584
47.31259956420632,28.220960210938788,9507.600421726425,1.5888622286592518,1.0785341253728922,0.21615905153682088,1072.1358870086278,98937.0,0.13932187963255427,0.11577421697293648,50,100,C:\Users\sanja\OneDrive - The Pennsylvania State University\Research\paper#1\mt_optoIDR_GitHub\mt-opto-IDR\mt_optoIDR_scripts\Tracker\example/droplets_in_mitochondria_0.czi,0,0,32.80924375869999,42.67100025889815
45.282212014246475,28.88234881640991,14240.57507328395,1.7039916521915592,1.2638753551358697,0.06879293685234217,1234.714735541295,108512.0,0.12107497025602869,0.10061133192706344,51,102,C:\Users\sanja\OneDrive - The Pennsylvania State University\Research\paper#1\mt_optoIDR_GitHub\mt-opto-IDR\mt_optoIDR_scripts\Tracker\example/droplets_in_mitochondria_0.czi,0,0,31.511544217268113,40.97515699059577
49.52015227862685,28.780421021946445,8775.424595428578,1.57501655014146,1.0776337859165395,0.05294694520198496,997.8925492813128,88518.0,0.15115373901922616,0.12560629976882312,52,104,C:\Users\sanja\OneDrive - The Pennsylvania State University\Research\paper#1\mt_optoIDR_GitHub\mt-opto-IDR\mt_optoIDR_scripts\Tracker\example/droplets_in_mitochondria_0.czi,0,0,34.94497062798573,43.46154192497889
47.73461297170412,29.240991872139567,17830.725174887266,1.9749590440160028,1.33375912340989,0.16466184193670252,1352.5636840623988,99366.0,0.1349676634779351,0.11215593413637508,53,106,C:\Users\sanja\OneDrive - The Pennsylvania State University\Research\paper#1\mt_optoIDR_GitHub\mt-opto-IDR\mt_optoIDR_scripts\Tracker\example/droplets_in_mitochondria_0.czi,0,0,33.735136423249045,42.06993230958279
49.8994495794701,28.214897235697677,9726.829937091747,1.542691741664525,1.0750265936225591,0.1826624114672102,1143.6256708515866,81654.0,0.18205627202156358,0.15128580230110136,54,108,C:\Users\sanja\OneDrive - The Pennsylvania State University\Research\paper#1\mt_optoIDR_GitHub\mt-opto-IDR\mt_optoIDR_scripts\Tracker\example/droplets_in_mitochondria_0.czi,0,0,34.93684914645459,44.142436657502095
50.84191284462077,29.518285434056075,14676.255165956174,1.9583247617428456,1.3842370771072003,0.17564627596193538,1212.5260263467303,83638.0,0.16691044912810665,0.13869986970727333,55,110,C:\Users\sanja\OneDrive - The Pennsylvania State University\Research\paper#1\mt_optoIDR_GitHub\mt-opto-IDR\mt_optoIDR_scripts\Tracker\example/droplets_in_mitochondria_0.czi,0,0,36.45211751826958,43.60297436673882
50.184099373976665,29.06028383297207,14720.518641525077,1.8114674553252137,1.1066813662186594,0.16832585982678397,1360.5101676574063,85195.0,0.14328295268492772,0.11906580428298869,56,112,C:\Users\sanja\OneDrive - The Pennsylvania State University\Research\paper#1\mt_optoIDR_GitHub\mt-opto-IDR\mt_optoIDR_scripts\Tracker\example/droplets_in_mitochondria_0.czi,0,0,35.6505785668419,43.607371877463834
50.51217932165459,30.003763048733898,11464.156423700186,1.6751080719813505,1.1277070655323347,0.0871334319557119,1134.5070832403771,86424.0,0.15583317983556924,0.12949483901199257,57,114,C:\Users\sanja\OneDrive - The Pennsylvania State University\Research\paper#1\mt_optoIDR_GitHub\mt-opto-IDR\mt_optoIDR_scripts\Tracker\example/droplets_in_mitochondria_0.czi,0,0,36.45569272351655,43.01611839767281
50.6172893010427,32.91892649541805,10578.147871535613,1.5628046121935346,1.105290590579356,0.09793069469500715,1116.8735109636382,90651.0,0.1486660234327309,0.12353904856005778,58,116,C:\Users\sanja\OneDrive - The Pennsylvania State University\Research\paper#1\mt_optoIDR_GitHub\mt-opto-IDR\mt_optoIDR_scripts\Tracker\example/droplets_in_mitochondria_0.czi,0,0,38.194839223794816,40.67419707550586
52.98373551524441,35.50936415498621,5183.613696531621,1.1415513810573468,0.9905915858857169,0.024148051245016098,916.737613684619,82205.0,0.169145098430168,0.1405568269478561,59,118,C:\Users\sanja\OneDrive - The Pennsylvania State University\Research\paper#1\mt_optoIDR_GitHub\mt-opto-IDR\mt_optoIDR_scripts\Tracker\example/droplets_in_mitochondria_0.czi,0,0,41.61278886124089,39.88169771985888
50.637840742752026,34.12564662907308,7906.862587665279,1.4162476542014166,1.0359964766174987,0.10270630554212232,973.6656992426597,95764.0,0.13885891499767863,0.11538950088792349,61,122,C:\Users\sanja\OneDrive - The Pennsylvania State University\Research\paper#1\mt_optoIDR_GitHub\mt-opto-IDR\mt_optoIDR_scripts\Tracker\example/droplets_in_mitochondria_0.czi,0,0,38.89583879614188,39.69175346781431
47.2172437593466,32.39722893260222,4066.582204626721,1.0889653675798345,0.8913236590624323,0.25301975183696257,851.5902475178373,82726.0,0.15366792800632897,0.12769554994310656,62,124,C:\Users\sanja\OneDrive - The Pennsylvania State University\Research\paper#1\mt_optoIDR_GitHub\mt-opto-IDR\mt_optoIDR_scripts\Tracker\example/droplets_in_mitochondria_0.czi,0,0,35.09814625958172,39.176542002383684
47.48743509067418,32.32783427102678,4622.394314702637,1.494227633396281,0.8097336241342349,0.27193613198456795,830.9727179596521,77588.0,0.1545616387344555,0.12843820902882983,64,128,C:\Users\sanja\OneDrive - The Pennsylvania State University\Research\paper#1\mt_optoIDR_GitHub\mt-opto-IDR\mt_optoIDR_scripts\Tracker\example/droplets_in_mitochondria_0.czi,0,0,35.28139072643564,39.38687611741775
43.32211858634781,28.864757075828667,7657.601266883445,1.3803895296324857,1.0466600211814046,0.11369776413143802,949.4492565180992,94637.0,0.12175876769711724,0.10117955648388766,65,130,C:\Users\sanja\OneDrive - The Pennsylvania State University\Research\paper#1\mt_optoIDR_GitHub\mt-opto-IDR\mt_optoIDR_scripts\Tracker\example/droplets_in_mitochondria_0.czi,0,0,29.886850317820183,39.878505063809115
38.754412847856024,26.371233227655555,9221.169853236272,1.4895489936778048,1.3143653530975044,0.1700093828697844,967.6071449896549,106729.0,0.1052488939446939,0.08746011980208292,66,132,C:\Users\sanja\OneDrive - The Pennsylvania State University\Research\paper#1\mt_optoIDR_GitHub\mt-opto-IDR\mt_optoIDR_scripts\Tracker\example/droplets_in_mitochondria_0.czi,0,0,24.71044585480801,39.343310024438864
38.82277117162013,24.59393702386061,14609.546070502542,1.7678992550333388,1.6686821333894666,0.18289262603319834,1104.4779617316408,109310.0,0.0990990759439099,0.08234972102304956,67,134,C:\Users\sanja\OneDrive - The Pennsylvania State University\Research\paper#1\mt_optoIDR_GitHub\mt-opto-IDR\mt_optoIDR_scripts\Tracker\example/droplets_in_mitochondria_0.czi,0,0,23.759240017280955,40.846194621174824
41.29613173127998,26.873260597319312,8190.387768092807,1.3689805559300643,1.043468416843916,0.1275550267033488,1040.5535504983388,90050.0,0.11092012658528329,0.09217282192731448,68,136,C:\Users\sanja\OneDrive - The Pennsylvania State University\Research\paper#1\mt_optoIDR_GitHub\mt-opto-IDR\mt_optoIDR_scripts\Tracker\example/droplets_in_mitochondria_0.czi,0,0,27.08890016148536,40.37059843247888
35.413462382368714,23.804508589724836,10203.913471819003,1.4805526051809548,1.2999885603190355,0.1739531006240236,1086.861815748628,94464.0,0.13418971908079413,0.1115094749896494,69,138,C:\Users\sanja\OneDrive - The Pennsylvania State University\Research\paper#1\mt_optoIDR_GitHub\mt-opto-IDR\mt_optoIDR_scripts\Tracker\example/droplets_in_mitochondria_0.czi,0,0,20.503143882032447,39.56384457882728
31.554756023836255,20.86104154072027,21380.142069338413,1.6900576963053162,1.640980638792045,0.08494804295792299,1613.4353692190953,120799.0,0.0915948112199469,0.07611379903674126,70,140,C:\Users\sanja\OneDrive - The Pennsylvania State University\Research\paper#1\mt_optoIDR_GitHub\mt-opto-IDR\mt_optoIDR_scripts\Tracker\example/droplets_in_mitochondria_0.czi,0,0,15.655746605179914,39.801231752695514
34.25730379988543,21.495691876296426,14246.719290650442,1.4463542593807968,1.6100459599258403,0.1687640250489692,1221.10424601659,113733.0,0.09810438710990482,0.08152315077297555,71,142,C:\Users\sanja\OneDrive - The Pennsylvania State University\Research\paper#1\mt_optoIDR_GitHub\mt-opto-IDR\mt_optoIDR_scripts\Tracker\example/droplets_in_mitochondria_0.czi,0,0,18.24187319111769,40.810436792209835
27.84636148465393,19.056555177181053,12045.35689806861,1.8604699580690698,1.1160069104335704,0.1975248314272151,1017.0763534293077,126967.0,0.07431769991567308,0.06175680042258252,72,144,C:\Users\sanja\OneDrive - The Pennsylvania State University\Research\paper#1\mt_optoIDR_GitHub\mt-opto-IDR\mt_optoIDR_scripts\Tracker\example/droplets_in_mitochondria_0.czi,0,0,11.577844913257444,39.18553792825667
26.22302531081818,18.52288108785322,21027.182563012953,1.9636673117582075,1.584005608597865,0.10291761871662859,1433.922166702449,145423.0,0.06889374081982282,0.05724957859302165,73,146,C:\Users\sanja\OneDrive - The Pennsylvania State University\Research\paper#1\mt_optoIDR_GitHub\mt-opto-IDR\mt_optoIDR_scripts\Tracker\example/droplets_in_mitochondria_0.czi,0,0,9.938012637008093,38.70493573030658
26.634219572346304,20.103154804183205,9965.490728583332,1.5680576127044283,1.106870017766967,0.09456331016281887,1033.1274765168682,121366.0,0.08535225604304617,0.07092633717201373,74,148,C:\Users\sanja\OneDrive - The Pennsylvania State University\Research\paper#1\mt_optoIDR_GitHub\mt-opto-IDR\mt_optoIDR_scripts\Tracker\example/droplets_in_mitochondria_0.czi,0,0,11.17258429936252,37.63620819264861
18.263916812540337,15.987916088202109,5767.1304247346025,1.4908010987681095,1.053749158382925,0.4661147066577199,877.4449720827561,131764.0,0.07636720203980535,0.06345990336830491,75,150,C:\Users\sanja\OneDrive - The Pennsylvania State University\Research\paper#1\mt_optoIDR_GitHub\mt-opto-IDR\mt_optoIDR_scripts\Tracker\example/droplets_in_mitochondria_0.czi,0,0,1.9442843936375418,36.28135069817863
19.659966377485368,17.673939437964385,2266.2191390708617,0.8246618974035748,0.8075401687044613,0.48031158714328875,770.5907032702557,118628.0,0.08686871914404504,0.07218649335530335,76,152,C:\Users\sanja\OneDrive - The Pennsylvania State University\Research\paper#1\mt_optoIDR_GitHub\mt-opto-IDR\mt_optoIDR_scripts\Tracker\example/droplets_in_mitochondria_0.czi,0,0,4.050125769415374,35.68380469677878
19.826904158883444,15.47684214953434,18881.813403926924,1.9692133107766172,1.575005626194335,0.11242414842805368,1269.339727555181,135688.0,0.07078941675868064,0.058824854479583966,77,154,C:\Users\sanja\OneDrive - The Pennsylvania State University\Research\paper#1\mt_optoIDR_GitHub\mt-opto-IDR\mt_optoIDR_scripts\Tracker\example/droplets_in_mitochondria_0.czi,0,0,2.94215134306868,37.58840370660906
23.667220611047412,19.008353679098942,11263.058618616564,1.793935513527324,1.095301036069179,0.16484293427932603,995.6340237572239,131184.0,0.07582363973575497,0.06300821193051057,78,156,C:\Users\sanja\OneDrive - The Pennsylvania State University\Research\paper#1\mt_optoIDR_GitHub\mt-opto-IDR\mt_optoIDR_scripts\Tracker\example/droplets_in_mitochondria_0.czi,0,0,8.107751565929604,36.85616161973607
24.159132676026456,15.592728721864006,10435.843449221147,1.6890436862272966,1.3212679364900932,0.16612707782988512,980.3733469629308,136560.0,0.07358481614990739,0.06114778592796416,79,158,C:\Users\sanja\OneDrive - The Pennsylvania State University\Research\paper#1\mt_optoIDR_GitHub\mt-opto-IDR\mt_optoIDR_scripts\Tracker\example/droplets_in_mitochondria_0.czi,0,0,6.576727544873471,39.948803981068394
19.784796552744975,11.617769152330515,3972.4905170147736,1.08880690526741,0.8743350017807643,0.24299961677790527,856.3440874726593,117472.0,0.08830976629305519,0.07338398010855232,80,160,C:\Users\sanja\OneDrive - The Pennsylvania State University\Research\paper#1\mt_optoIDR_GitHub\mt-opto-IDR\mt_optoIDR_scripts\Tracker\example/droplets_in_mitochondria_0.czi,0,0,0.7198196486351769,40.74363100240864
20.87517874440703,12.13918580612155,6596.38837606636,1.108980162976082,1.1054370711815422,0.21344839220903947,906.3951964941123,120499.0,0.0878763306192674,0.07302380211014128,81,162,C:\Users\sanja\OneDrive - The Pennsylvania State University\Research\paper#1\mt_optoIDR_GitHub\mt-opto-IDR\mt_optoIDR_scripts\Tracker\example/droplets_in_mitochondria_0.czi,0,0,1.9136568597797883,40.93220821214203
24.890318396226416,16.20231805929919,8848.913339257631,1.5693138490669465,1.0856668488714871,0.19701487834281403,976.9432878845164,140461.0,0.0724286992544134,0.060187071583182074,82,164,C:\Users\sanja\OneDrive - The Pennsylvania State University\Research\paper#1\mt_optoIDR_GitHub\mt-opto-IDR\mt_optoIDR_scripts\Tracker\example/droplets_in_mitochondria_0.czi,0,0,7.524642959556289,39.8611222592234
27.282818405708987,19.002797616212444,11879.5836047448,1.760528832647015,1.0940346590320564,0.14488758897567106,1090.6313225893089,135187.0,0.0755768521580465,0.06280313546554184,83,166,C:\Users\sanja\OneDrive - The Pennsylvania State University\Research\paper#1\mt_optoIDR_GitHub\mt-opto-IDR\mt_optoIDR_scripts\Tracker\example/droplets_in_mitochondria_0.czi,0,0,11.083124882734872,38.91036022460359
21.017801709793396,12.494244313873114,5370.783445225328,1.1373869636163614,0.9942276538832674,0.034030208323006815,960.120168586616,135519.0,0.07819752537165672,0.06498087230090374,84,168,C:\Users\sanja\OneDrive - The Pennsylvania State University\Research\paper#1\mt_optoIDR_GitHub\mt-opto-IDR\mt_optoIDR_scripts\Tracker\example/droplets_in_mitochondria_0.czi,0,0,2.232426093474178,40.720562210922395
19.675331962552065,14.110560664602964,8764.187824750421,1.379950626758413,1.046901927295182,0.12359831348511922,1081.4881432975176,143192.0,0.07708006179804082,0.06405227823820255,85,170,C:\Users\sanja\OneDrive - The Pennsylvania State University\Research\paper#1\mt_optoIDR_GitHub\mt-opto-IDR\mt_optoIDR_scripts\Tracker\example/droplets_in_mitochondria_0.czi,0,0,2.0427644646723415,38.62802020788994
21.992280220071073,18.197416388166417,9328.935691104843,1.0884309069461693,1.3599880572533964,0.22136739185771578,1078.7784582259433,141830.0,0.0708468190766221,0.05887255487258493,86,172,C:\Users\sanja\OneDrive - The Pennsylvania State University\Research\paper#1\mt_optoIDR_GitHub\mt-opto-IDR\mt_optoIDR_scripts\Tracker\example/droplets_in_mitochondria_0.czi,0,0,6.268231986526768,36.57471478613769
24.66065363362196,18.784736945495926,15999.013692351145,2.3713843971302353,1.3667192798896028,0.3552756289923728,1067.1958349439553,152809.0,0.06075259060718688,0.05048441511968342,87,174,C:\Users\sanja\OneDrive - The Pennsylvania State University\Research\paper#1\mt_optoIDR_GitHub\mt-opto-IDR\mt_optoIDR_scripts\Tracker\example/droplets_in_mitochondria_0.czi,0,0,8.799375339540948,37.60353714091969
30.753731962290267,20.425216893172173,12651.255248694428,1.6172907187172731,1.4576227221985727,0.07713003014506792,1074.5511312183464,124974.0,0.08194239870914782,0.06809280116271874,88,176,C:\Users\sanja\OneDrive - The Pennsylvania State University\Research\paper#1\mt_optoIDR_GitHub\mt-opto-IDR\mt_optoIDR_scripts\Tracker\example/droplets_in_mitochondria_0.czi,0,0,14.748802768405763,39.7061762556244
27.83690659268864,19.67127162658327,10915.395244554247,1.6996931650284959,1.2572978474300542,0.24530747609889242,1027.1637027379375,136593.0,0.07592797868341349,0.06309491589974214,89,178,C:\Users\sanja\OneDrive - The Pennsylvania State University\Research\paper#1\mt_optoIDR_GitHub\mt-opto-IDR\mt_optoIDR_scripts\Tracker\example/droplets_in_mitochondria_0.czi,0,0,11.918528398229435,38.673775804594634
29.519387294696116,19.223275411851226,9228.280535752605,1.566198495683589,1.0744492081632553,0.0479847093020059,1074.3044002631636,112359.0,0.10401667047948009,0.08643616213515325,90,180,C:\Users\sanja\OneDrive - The Pennsylvania State University\Research\paper#1\mt_optoIDR_GitHub\mt-opto-IDR\mt_optoIDR_scripts\Tracker\example/droplets_in_mitochondria_0.czi,0,0,13.050591458918062,39.996604269538636
32.70682421763696,21.706614842346703,10140.085740631988,1.7159921019937432,1.1076458727262792,0.1334141699224115,1046.13737067505,105897.0,0.0964036939469866,0.08010990240331979,91,182,C:\Users\sanja\OneDrive - The Pennsylvania State University\Research\paper#1\mt_optoIDR_GitHub\mt-opto-IDR\mt_optoIDR_scripts\Tracker\example/droplets_in_mitochondria_0.czi,0,0,17.08415958114717,39.75773805569218
32.703908806625954,21.31693746982343,9697.541097260719,1.3152112444119903,1.314629531847818,0.15884075834675293,1099.8173498768383,116504.0,0.10081135089508125,0.08377259367045473,92,184,C:\Users\sanja\OneDrive - The Pennsylvania State University\Research\paper#1\mt_optoIDR_GitHub\mt-opto-IDR\mt_optoIDR_scripts\Tracker\example/droplets_in_mitochondria_0.czi,0,0,16.860856327562843,40.07710087634709
32.639955408848735,20.923231475046972,10154.637288570748,1.5492300961507435,1.109171827049147,0.08278697865538596,1070.516039151552,113193.0,0.10198589532720842,0.08474862099859645,93,186,C:\Users\sanja\OneDrive - The Pennsylvania State University\Research\paper#1\mt_optoIDR_GitHub\mt-opto-IDR\mt_optoIDR_scripts\Tracker\example/droplets_in_mitochondria_0.czi,0,0,16.584986332202497,40.36518106148667
30.73982269594473,20.134032041047952,13794.199674210435,1.6913629880583325,1.2611311011736694,0.06267455636804069,1219.9982936939255,112914.0,0.101143212583255,0.08404836533814228,94,188,C:\Users\sanja\OneDrive - The Pennsylvania State University\Research\paper#1\mt_optoIDR_GitHub\mt-opto-IDR\mt_optoIDR_scripts\Tracker\example/droplets_in_mitochondria_0.czi,0,0,14.57227654852466,39.938168883721424
37.13163209200934,20.941235372882343,13589.713355700082,1.851555057408214,1.1154434823642467,0.193501983606382,1152.1891221023006,115124.0,0.10533934740891981,0.08753528516032287,95,190,C:\Users\sanja\OneDrive - The Pennsylvania State University\Research\paper#1\mt_optoIDR_GitHub\mt-opto-IDR\mt_optoIDR_scripts\Tracker\example/droplets_in_mitochondria_0.czi,0,0,20.29542760561205,42.896605388415054
31.752390073711755,20.224624172666793,15281.503971059758,1.993028201845174,1.413942949109822,0.1888362822752788,1070.4808395865057,118025.0,0.09237294436470264,0.07676041502966628,96,192,C:\Users\sanja\OneDrive - The Pennsylvania State University\Research\paper#1\mt_optoIDR_GitHub\mt-opto-IDR\mt_optoIDR_scripts\Tracker\example/droplets_in_mitochondria_0.czi,0,0,15.457782886277768,40.4375466511764
24.79004139091748,19.394606460114353,4147.924238426075,1.0806107767080766,0.8883765644301465,0.2464586199087055,886.6404697013031,108496.0,0.10287122330397508,0.08548431415422084,97,194,C:\Users\sanja\OneDrive - The Pennsylvania State University\Research\paper#1\mt_optoIDR_GitHub\mt-opto-IDR\mt_optoIDR_scripts\Tracker\example/droplets_in_mitochondria_0.czi,0,0,9.25168950332072,37.17447547420605
23.99729291097488,21.00242783833685,3963.767386413411,0.9023465525802128,0.8690029561129295,0.23674173438571852,853.4081582878414,112383.0,0.09430313671725701,0.0783643734948657,98,196,C:\Users\sanja\OneDrive - The Pennsylvania State University\Research\paper#1\mt_optoIDR_GitHub\mt-opto-IDR\mt_optoIDR_scripts\Tracker\example/droplets_in_mitochondria_0.czi,0,0,9.510071608123859,35.400559347485824
24.982502790681803,19.706286224024723,5804.369372898447,1.0622230193734308,1.0473747480903426,0.17195407047357283,927.1140861258018,108108.0,0.10133416283110105,0.08420704188976123,99,198,C:\Users\sanja\OneDrive - The Pennsylvania State University\Research\paper#1\mt_optoIDR_GitHub\mt-opto-IDR\mt_optoIDR_scripts\Tracker\example/droplets_in_mitochondria_0.czi,0,0,9.586924869837699,37.02681737362673
